Catalog,Category,Category Code,Item Name,Item Code,Unit of Measure
Material für Teststellen,Schnelltests,TESTS,Antigen-Schnelltests,POCTST,pc
Material für Teststellen,Schutzausrüstung,PPE,Communitymaske,COMMSK,pc
Material für Teststellen,Sonstiges,OTHER,Desinfektionsmittel,DESINF,btl
Material für Teststellen,Schutzausrüstung,PPE,Einmal-Handschuhe Gr.L,EHL,pc
Material für Teststellen,Schutzausrüstung,PPE,Einmal-Handschuhe Gr.M,EHM,pc
Material für Teststellen,Schutzausrüstung,PPE,Einmal-Handschuhe Gr.S,EHS,pc
Material für Teststellen,Schutzausrüstung,PPE,Einmal-Handschuhe Gr.XL,EHXL,pc
Material für Teststellen,Schutzausrüstung,PPE,Einmal-Handschuhe Gr.XS,EHXS,pc
Material für Teststellen,Schutzausrüstung,PPE,Face-Shields,FACSHL,pc
Material für Teststellen,Schutzausrüstung,PPE,Ganzkörper-Schutzanzug,SCHANZ,pc
Material für Teststellen,Schutzausrüstung,PPE,Kopfhaube/OP-Hauben,KHAUBE,pc
Material für Teststellen,Schutzausrüstung,PPE,"OP-Kittel, steril Standard",OPKSTD,pc
Material für Teststellen,Schutzausrüstung,PPE,"OP-Kittel, steril Verstärkt",OPKVST,pc
Material für Teststellen,Schutzausrüstung,PPE,OP-Masken (Mundnasen-Schutz),OPMASK,pc
Material für Teststellen,Schutzausrüstung,PPE,PE-Überzieh-Schuhe,UBZSCH,pc
Material für Teststellen,Sonstiges,OTHER,Probeentnahme Material,PREMAT,pkt
Material für Teststellen,Schutzausrüstung,PPE,Schutzbrille,SCHBRL,pc
Material für Teststellen,Schutzausrüstung,PPE,Schutzkittel,SCHKTL,pc
Material für Teststellen,Schutzausrüstung,PPE,Schutzmaske FFP1,SMFFP1,pc
Material für Teststellen,Schutzausrüstung,PPE,Schutzmaske FFP2,SMFFP2,pc
Material für Teststellen,Schutzausrüstung,PPE,Schutzmaske FFP3,SMFFP3,pc
Material für Teststellen,Schutzausrüstung,PPE,Vollgesichtsmaske,VGMASK,pc
