Name,Module,Resource,Body,Comments
Subject InviteOrg,auth,user,{system}: Invitation to Register Account,
Message InviteOrg,auth,user,"Please visit {url} to register a user account.

Your registration code: {code}",
WelcomeMessageInvited,auth,user,"Welcome to the {system_name} Portal

- To edit your profile go to: {profile}

Thank you",
Subject WelcomeProvider,auth,user,Welcome to the {system} Portal,
Message WelcomeProvider,auth,user,"Your account at the {system} Portal has been approved, you can now login.

- Visit the portal: {homepage}
- To edit your profile go to: {profile}

Thank you",
InvitedRegistrationIntro,auth,user,,
BearerDoBIntro,fin,voucher,"WICHTIG: Der Gutschein ist persönlich! Beim Einlösen muss das hier eingetragene Geburtsdatum angegeben werden. Stellen Sie sicher dass jeder Berechtigte seinen eigenen Gutschein erhält, und Gutscheine nicht gemischt oder vertauscht werden.",
GroupDoBIntro,fin,voucher,WICHTIG: Geben Sie das Geburtsdatum eines Gruppenmitglieds an. Beim Einlösen muss dasselbe Geburtsdatum angegeben werden – stellen Sie deshalb sicher dass Gutscheine nicht gemischt oder vertauscht werden.,
ProjectParticipationIntro,org,organisation,Wählen Sie die Programme an denen die Teststelle teilnimmt:,
SelfRegistrationIntro,auth,user,,
Subject ClaimNotification,fin,voucher_claim,Ihr Vergütungsanspruch zu ”{program}”,
Message ClaimNotification,fin,voucher_claim,Im Rahmen der Abrechnung zu ”{program}” am {date} wurde ein Vergütungsanspruch für {organisation} festgestellt. Bitte melden Sie sich am Portal an und bestätigen Sie den Anspruch unter {url}.,
Subject InvoiceSettled,fin,voucher_invoice,Vergütung zu ”{program}” wird ausgezahlt,
Message InvoiceSettled,fin,voucher_invoice,Die Auszahlung des zu ”{program}” am {date} festgestellten Vergütungsanspruchs für {organisation} (Rechnungsnr. {invoice}) wurde veranlasst. Die Zahlung erfolgt in den nächsten Tagen auf das unter {url} angegebene Konto.,
SiteServiceIntro,org,facility,Geben Sie an welche Leistungen ihre Teststelle neben PoC-Tests noch anbietet:,
SiteDocumentsIntro,org,facility,"Laden Sie hier die erforderliche Dokumentation hoch (Hygienekonzept, Raumkonzept, usw.):",
Subject FacilityApproved - Disabled,org,facility,Freigabe Ihrer Teststelle,
Message FacilityApproved,org,facility,"Sehr geehrte Damen und Herren,

Wir freuen uns Ihnen mitteilen zu können, dass Ihre registrierte Teststelle {name} auf Basis der von Ihnen gemachten Angaben und eingereichten Unterlagen sodann freigegeben wurde. Dies entspricht einer landesseitigen Beauftragung. Eine gesonderte Bescheinigung erfolgt nicht.

Sollten sich die von Ihnen gemachten Angaben verändern, sind Sie verpflichtet dies anzuzeigen (dies gilt nur für die Bezugsberechtigung nach MPAV).

Alle weiteren Angaben, die aus Ihrer Sicht zu aktualisieren sind, müssen selbstständig von Ihnen vorgenommen unter {url} werden. Eine Anleitung dazu findet sich im Hilfebereich des Ihnen bekannten Registrierungsportals.

Abschließend möchte ich Sie darüber informieren, dass Ihre Teststelle jederzeit durch Mitarbeiterinnen und Mitarbeiter des Landesamtes für Soziales, Jugend und Versorgung im Rahmen einer Inspektion unangekündigt überprüft werden kann.

Mit freundlichen Grüßen ",
Subject FacilityReview - Disabled,org,facility,Zur Freigabe Ihrer Teststelle: Dokumentation erforderlich,
Message FacilityReview,org,facility,"Sehr geehrte Damen und Herren,

herzlichen Dank für Ihre eingereichten Unterlagen zur Teststelle {name}. Diese sind aktuell noch unvollständig.

Bitte reichen Sie diese (korrigiert) nach, oder laden Sie sie im Portal unter {url} hoch und setzen Sie anschließend den Freigabestatus auf ""Bereit zur Prüfung"".

Hinweise:

{advice}

Erläuterungen:

{explanations}

Mit freundlichen Grüßen ",
FacilityMPAVRequirements,org,facility,"BEZUGSBERECHTIGUNG NACH MPAV

Sie müssen nach § 3 Abs. 4 und 4a MPAV berechtigt sein PoC-Tests (prof. use) beziehen zu können. Die in diesem Zusammenhang möglichen Personen bzw. Einrichtungen/ Institutionen sind im Gesetz definiert. Eine Zusammenfassung dieser finden Sie auf den letzten beiden Seiten des nachfolgenden Dokumentes (Link nachfolgend).

https://www.bundesgesundheitsministerium.de/fileadmin/Dateien/3_Downloads/Gesetze_und_Verordnungen/GuV/M/MPAV-Aend_Auslegungshilfe_end_2021-02-08.pdf

Bislang geht aus Ihren Unterlagen die nötige Berechtigung zum Bezug der Schnelltest for prof use nach § 3 Absatz 4a MPAV nicht hervor.  Bitte reichen Sie diese Information nach.  ",
FacilityHygienePlanRequirements,org,facility,"HYGIENEPLAN

Für die Teststelle muss ein Hygieneplan vorgelegt werden, der folgende Punkte zwingend enthalten muss:

  1. Grundsätzliche Einhaltung der AHAL-Regeln
  2. Wegeführung / Beschilderung
  3. Räumlichkeiten / Trennung der Bereiche / Desinfektion / Lüftung
  4. Personal / Schulung / persönliche Schutzausrüstung
  5. Testpersonen und deren Begleitpersonen
  6. Reinigung / Desinfektion
  7. Entsorgung

Aktuell liegt kein (ausreichender) Hygieneplan für Ihre Teststelle vor. ",
FacilityLayoutRequirements,org,facility,"RAUMKONZEPT

Aktuell liegt kein (ausreichendes) Raumkonzept für Ihre Teststelle vor. Bitte beachten Sie, dass eine räumliche Abgrenzung zu Ihren üblichen Betriebsräumen gegeben sein muss.

Bitte legen Sie ein entsprechendes Raumkonzept vor. ",
TestProviderRequirements,org,commission,"Kommerzielle Testanbieter müssen mindestens einen Teststellenverantwortlichen angeben. Zum Teststellenverantwortlichen sind Name, Vorname, Geburtsdatum sowie Kontaktinformationen (Email, Telefon) zu hinterlegen. Außerdem muss der Verantwortliche ein polizeiliches Führungszeugnis sowie eine Erklärung zu anhängigen Ermittlungs- oder Strafverfahren bei der Aufsichtsbehörde (LSJV) vorlegen.

Arztpraxen, Zahnarztpraxen sowie Hilfsorganisationen müssen ein Dokument hochladen (auf dem Dokumente-Reiter), anhand dessen ihr jeweiliger Zulassungsstatus geprüft werden kann. Details dazu entnehmen Sie bitte der aktuellen Dokumentation zum Portal.

Alle eingesandten oder hochgeladenen Dokumente müssen durch das LSJV geprüft werden, bevor eine (Weiter-)Beauftragung erfolgen kann.",
TestResultRegistrationIntroDisabled,disease,case_diagnostics,Placeholder post for test result registration page intro,Rename into TestResultRegistrationIntro (remove Disabled-suffix) to activate
HomepageIntroDisabled,default,index,,
Subject FacilityObsolete,org,facility,Deaktivierung ihrer Teststellen-Registrierung,
Message FacilityObsolete,org,facility,"Sehr geehrte Damen und Herren,

für die von Ihnen betriebene COVID-19 Teststelle:
    {facility}
    {address}
    {postcode} {place}

wurden in den vergangenen vier Wochen keine Tagesberichte zur Testaktivität im ”{system}” Portal des LSJV registriert. Die Teststelle wurde deshalb vom System automatisch als ""nicht mehr bestehend"" markiert, und damit aus dem öffentlichen Verzeichnis entfernt.

Falls die Teststelle noch weiterhin in Betrieb ist, können Sie die Markierung als ""nicht mehr bestehend"" selbst wieder entfernen. Bitte kontrollieren Sie bei dieser Gelegenheit auch ob sämtliche hinterlegten Daten zur Teststelle noch aktuell sind, und bringen Sie sie ggf. auf den letzten Stand.

Beachten Sie jedoch dass die Teststelle erneut deaktiviert wird falls dazu keine regelmässigen Tagesberichte zur Testaktivität eingegeben werden.

Mit freundlichen Grüßen,
Ihr Landesamt für Soziales, Jugend und Versorgung
",
DaycareTestingInquiry,disease,daycare_testing,Zu Planungszwecken benötigen wir die folgenden Angaben zu Ihrer Organisation:,
Message CommissionStatusChanged,org,commission,"Der Status der Beauftragung für den Teststellenbetreiber {name} hat sich geändert. 

Details siehe {url}

Beachten Sie bitte: diese Benachrichtigung wurde automatisch erstellt und dient lediglich zu Ihrer Information. Ein amtlicher Bescheid zur Änderung ergeht ggf. gesondert per Post. Bei Rückfragen wenden Sie sich bitte an den Support.",
Message CommissionIssued,org,commission,"Für den Teststellenbetreiber {name} wurde die Beauftragung ab {start} erteilt.

Details siehe: {url}

Beachten Sie bitte: diese Benachrichtigung wurde automatisch erstellt und dient lediglich zu Ihrer Information. Ein amtlicher Bescheid ergeht gesondert per Post.",
Message CommissionSuspended,org,commission,"Für den Teststellenbetreiber {name} wurde die Beauftragung mit Wirkung vom {status_date} ausgesetzt, und alle zugehörigen Teststellen vorläufig aus dem öffentlichen Verzeichnis entfernt.

Grund: {reason}

{explanation}

Details siehe: {url}

Beachten Sie bitte: diese Benachrichtigung wurde automatisch erstellt und dient lediglich zu Ihrer Information. Ein amtlicher Bescheid ergeht ggf. gesondert per Post.",
Message CommissionRevoked,org,commission,"Für den Teststellenbetreiber {name} wurde die Beauftragung mit Wirkung vom {status_date} entzogen, und alle zugehörigen Teststellen aus dem öffentlichen Verzeichnis entfernt.

Details siehe: {url}

Beachten Sie bitte: diese Benachrichtigung wurde automatisch erstellt und dient lediglich zu Ihrer Information. Ein amtlicher Bescheid ergeht gesondert per Post.",
Message CommissionExpired,org,commission,"Für den Teststellenbetreiber {name} ist die befristete Beauftragung am {end} ausgelaufen. Alle zugehörigen Teststellen wurden aus dem öffentlichen Verzeichnis entfernt.

Details siehe: {url}

Beachten Sie bitte: diese Benachrichtigung wurde automatisch erstellt und dient lediglich zu Ihrer Information. Ein amtlicher Bescheid ergeht ggf. gesondert per Post.",
Subject CommissionStatusChanged,org,commission,Änderungsmitteilung zur Beauftragung von {name},
Subject CommissionIssued,org,commission,Änderungsmitteilung zur Beauftragung von {name},
Subject CommissionSuspended,org,commission,Änderungsmitteilung zur Beauftragung von {name},
Subject CommissionRevoked,org,commission,Änderungsmitteilung zur Beauftragung von {name},
Subject CommissionExpired,org,commission,Änderungsmitteilung zur Beauftragung von {name},
CommissionYYYYMMDD,org,commission,"<template><para align=""center"">Ungültige Dokumentvorlage</para></template>",
OrgContactIntro,hrm,human_resource,"Hinweis: Vertreter der Organisation müssen ein Benutzerkonto haben, im persönlichen Profil ihr Geburtsdatum, Geburtsort, Adresse, Email-Adresse und Telefonnummer hinterlegen, sowie ein polizeiliches Führungszeugnis und eine schriftliche Erklärung zu anhängigen Ermittlungs- und Strafverfahren einreichen. Außerdem ist ein Nachweis ihrer Vertreterschaft zur Verifizierung hochzuladen.
Mehr Informationen dazu in der Hilfe [Link einfügen].",
